{
    "metadata": {
        "generator": "io_three",
        "type": "Object",
        "version": 4.4
    },
    "geometries": [{
        "data": {
            "metadata": {
                "generator": "io_three",
                "uvs": 1,
                "materials": 1,
                "morphTargets": 0,
                "vertices": 66,
                "bones": 0,
                "version": 3,
                "faces": 72,
                "normals": 66
            },
            "uvs": [[1,1,0.875,0.875,1,0.875,0.875,0.75,1,0.75,0.875,0.625,1,0.625,0.875,0.5,1,0.5,0.875,1,0.75,0.875,0.75,0.75,0.75,0.625,0.75,0.5,0.75,1,0.625,0.875,0.625,0.75,0.625,0.625,0.625,0.5,0.625,1,0.5,0.875,0.5,0.75,0.5,0.625,0.5,0.5,0.5,1,0.375,0.875,0.375,0.75,0.375,0.625,0.375,0.5,0.375,1,0.25,0.875,0.25,0.75,0.25,0.625,0.25,0.5,0.25,1,0.125,0.875,0.125,0.75,0.125,0.625,0.125,0.5,0.125,1,0,0.875,0,0.75,0,0.625,0,0.5,0,0]],
            "skinIndices": [],
            "morphTargets": [],
            "vertices": [0,0,0.8,0.3061,0,0.7391,0.5657,0,0.5657,0.7391,0,0.3061,0.8,0,0,0.2165,-0.2165,0.7391,0.4,-0.4,0.5657,0.5226,-0.5226,0.3061,0.5657,-0.5657,0,0,-0.3061,0.7391,0,-0.5657,0.5657,0,-0.7391,0.3061,0,-0.8,0,-0.2165,-0.2165,0.7391,-0.4,-0.4,0.5657,-0.5226,-0.5226,0.3061,-0.5657,-0.5657,0,-0.3061,0,0.7391,-0.5657,0,0.5657,-0.7391,0,0.3061,-0.8,0,0,-0.2165,0.2165,0.7391,-0.4,0.4,0.5657,-0.5226,0.5226,0.3061,-0.5657,0.5657,-0,0,0.3061,0.7391,0,0.5657,0.5657,0,0.7391,0.3061,0,0.8,-0,0.2165,0.2165,0.7391,0.4,0.4,0.5657,0.5226,0.5226,0.3061,0.5657,0.5657,-0,0,0,0.78,0.211118,-0.211118,0.720605,0.298488,0,0.720605,0.39003,-0.39003,0.551516,0.5516,0,0.551516,0.509545,-0.509545,0.29841,0.720638,0,0.29841,0.551558,-0.551558,0,0.78,0,0,-0,-0.298488,0.720605,-0,-0.5516,0.551516,-0,-0.720638,0.29841,-0,-0.78,0,-0.211118,-0.211118,0.720605,-0.39003,-0.39003,0.551516,-0.509545,-0.509545,0.29841,-0.551558,-0.551558,0,-0.298488,0,0.720605,-0.5516,0,0.551516,-0.720638,0,0.29841,-0.78,0,0,-0.211118,0.211118,0.720605,-0.39003,0.39003,0.551516,-0.509545,0.509545,0.29841,-0.551558,0.551558,-0,0,0.298488,0.720605,0,0.5516,0.551516,0,0.720638,0.29841,0,0.78,-0,0.211118,0.211118,0.720605,0.39003,0.39003,0.551516,0.509545,0.509545,0.29841,0.551558,0.551558,-0],
            "bones": [],
            "influencesPerVertex": 2,
            "animations": [],
            "faces": [42,0,5,1,0,0,1,2,0,1,2,43,1,5,6,2,0,2,1,3,4,2,1,3,4,43,2,6,7,3,0,4,3,5,6,4,3,5,6,43,3,7,8,4,0,6,5,7,8,6,5,7,8,42,0,9,5,0,9,10,1,0,9,1,43,5,9,10,6,0,1,10,11,3,1,9,10,3,43,6,10,11,7,0,3,11,12,5,3,10,11,5,43,7,11,12,8,0,5,12,13,7,5,11,12,7,42,0,13,9,0,14,15,10,0,13,9,43,9,13,14,10,0,10,15,16,11,9,13,14,10,43,10,14,15,11,0,11,16,17,12,10,14,15,11,43,11,15,16,12,0,12,17,18,13,11,15,16,12,42,0,17,13,0,19,20,15,0,17,13,43,13,17,18,14,0,15,20,21,16,13,17,18,14,43,14,18,19,15,0,16,21,22,17,14,18,19,15,43,15,19,20,16,0,17,22,23,18,15,19,20,16,42,0,21,17,0,24,25,20,0,21,17,43,17,21,22,18,0,20,25,26,21,17,21,22,18,43,18,22,23,19,0,21,26,27,22,18,22,23,19,43,19,23,24,20,0,22,27,28,23,19,23,24,20,42,0,25,21,0,29,30,25,0,25,21,43,21,25,26,22,0,25,30,31,26,21,25,26,22,43,22,26,27,23,0,26,31,32,27,22,26,27,23,43,23,27,28,24,0,27,32,33,28,23,27,28,24,42,0,29,25,0,34,35,30,0,29,25,43,25,29,30,26,0,30,35,36,31,25,29,30,26,43,26,30,31,27,0,31,36,37,32,26,30,31,27,43,27,31,32,28,0,32,37,38,33,27,31,32,28,42,0,1,29,0,39,40,35,0,2,29,43,29,1,2,30,0,35,40,41,36,29,2,4,30,43,30,2,3,31,0,36,41,42,37,30,4,6,31,43,31,3,4,32,0,37,42,43,38,31,6,8,32,42,35,34,33,0,2,1,0,33,34,35,43,37,36,34,35,0,4,3,1,2,36,37,34,33,43,39,38,36,37,0,6,5,3,4,38,39,37,36,43,41,40,38,39,0,8,7,5,6,40,41,39,38,42,34,42,33,0,1,10,9,34,42,35,43,36,43,42,34,0,3,11,10,1,37,43,42,34,43,38,44,43,36,0,5,12,11,3,39,44,43,37,43,40,45,44,38,0,7,13,12,5,41,45,44,39,42,42,46,33,0,10,15,14,42,46,35,43,43,47,46,42,0,11,16,15,10,43,47,46,42,43,44,48,47,43,0,12,17,16,11,44,48,47,43,43,45,49,48,44,0,13,18,17,12,45,49,48,44,42,46,50,33,0,15,20,19,46,50,35,43,47,51,50,46,0,16,21,20,15,47,51,50,46,43,48,52,51,47,0,17,22,21,16,48,52,51,47,43,49,53,52,48,0,18,23,22,17,49,53,52,48,42,50,54,33,0,20,25,24,50,54,35,43,51,55,54,50,0,21,26,25,20,51,55,54,50,43,52,56,55,51,0,22,27,26,21,52,56,55,51,43,53,57,56,52,0,23,28,27,22,53,57,56,52,42,54,58,33,0,25,30,29,54,58,35,43,55,59,58,54,0,26,31,30,25,55,59,58,54,43,56,60,59,55,0,27,32,31,26,56,60,59,55,43,57,61,60,56,0,28,33,32,27,57,61,60,56,42,58,62,33,0,30,35,34,58,62,35,43,59,63,62,58,0,31,36,35,30,59,63,62,58,43,60,64,63,59,0,32,37,36,31,60,64,63,59,43,61,65,64,60,0,33,38,37,32,61,65,64,60,42,62,35,33,0,35,40,39,62,33,35,43,63,37,35,62,0,36,41,40,35,63,36,33,62,43,64,39,37,63,0,37,42,41,36,64,38,36,63,43,65,41,39,64,0,38,43,42,37,65,40,38,64,43,40,41,4,8,0,44,44,44,44,41,40,8,7,43,45,40,8,12,0,44,44,44,44,45,41,7,12,43,49,45,12,16,0,44,44,44,44,49,45,12,16,43,53,49,16,20,0,44,44,44,44,53,49,16,20,43,57,53,20,24,0,44,44,44,44,57,53,20,24,43,61,57,24,28,0,44,44,44,44,61,57,24,28,43,65,61,28,32,0,44,44,44,44,65,61,28,32,43,41,65,32,4,0,44,44,44,44,40,65,32,8],
            "name": "SphereGeometry",
            "skinWeights": [],
            "normals": [0,0,0.999969,0.298776,-0.298776,0.906308,0.422529,0,0.906339,0.515946,-0.515946,0.683798,0.729667,0,0.683798,0.657826,-0.657826,0.366771,0.930296,0,0.366771,0.588061,-0.588061,-0.555223,0.83166,0,-0.555223,0,-0.422529,0.906339,0,-0.729667,0.683798,0,-0.930296,0.366771,0,-0.83166,-0.555223,-0.298776,-0.298776,0.906308,-0.515946,-0.515946,0.683798,-0.657826,-0.657826,0.366771,-0.588061,-0.588061,-0.555223,-0.422529,0,0.906339,-0.729667,0,0.683798,-0.930296,0,0.366771,-0.83166,0,-0.555223,-0.298776,0.298776,0.906308,-0.515946,0.515946,0.683798,-0.657826,0.657826,0.366771,-0.588061,0.588061,-0.555223,0,0.422529,0.906339,0,0.729667,0.683798,0,0.930296,0.366771,0,0.83166,-0.555223,0.298776,0.298776,0.906308,0.515946,0.515946,0.683798,0.657826,0.657826,0.366771,0.588061,0.588061,-0.555223,-0.422559,0,-0.906308,-0.298807,0.298807,-0.906308,0,0,-1,-0.729698,0,-0.683737,-0.515976,0.515976,-0.683737,-0.930296,0,-0.366741,-0.657826,0.657826,-0.36671,-0.519822,0,-0.854244,-0.367534,0.367534,-0.854274,0,0.422559,-0.906308,0,0.729698,-0.683737,0,0.930296,-0.366741,0,0.519822,-0.854244,0.298807,0.298807,-0.906308,0.515976,0.515976,-0.683737,0.657826,0.657826,-0.36671,0.367534,0.367534,-0.854274,0.422559,0,-0.906308,0.729698,0,-0.683737,0.930296,0,-0.366741,0.519822,0,-0.854244,0.298807,-0.298807,-0.906308,0.515976,-0.515976,-0.683737,0.657826,-0.657826,-0.36671,0.367534,-0.367534,-0.854274,0,-0.422559,-0.906308,0,-0.729698,-0.683737,0,-0.930296,-0.366741,0,-0.519822,-0.854244,-0.298807,-0.298807,-0.906308,-0.515976,-0.515976,-0.683737,-0.657826,-0.657826,-0.36671,-0.367534,-0.367534,-0.854274]
        },
        "type": "Geometry",
        "uuid": "E6CB0260-CD70-38C6-857F-01B6A2FCBF68",
        "materials": [{
            "DbgIndex": 0,
            "depthTest": true,
            "wireframe": false,
            "colorSpecular": [0.009961,0.009961,0.009961],
            "shading": "phong",
            "depthWrite": true,
            "colorEmissive": [0,0,0],
            "colorDiffuse": [0.690196,0.690196,0.690196],
            "specularCoef": 50,
            "blending": "NormalBlending",
            "opacity": 1,
            "DbgName": "b0b0b0",
            "DbgColor": 15658734,
            "visible": true,
            "transparent": false,
            "colorAmbient": [0.690196,0.690196,0.690196]
        }]
    }],
    "images": [],
    "object": {
        "matrix": [1,0,0,0,0,1,0,0,0,0,1,0,0,0,0,1],
        "uuid": "5F3E52AA-8AF0-4B93-8813-53A1E5428F01",
        "type": "Scene",
        "children": [{
            "name": "Sphere",
            "uuid": "1B9B9D6A-3196-3068-B377-090E7B209321",
            "matrix": [-1,0,0,0,0,0,1,0,0,1,0,0,0,0,0,1],
            "visible": true,
            "type": "Mesh",
            "material": "B92F5ACA-E24A-3A69-B2DD-69B8C9C5682C",
            "castShadow": true,
            "receiveShadow": true,